cycle,write_word,write_enable,read_enable,clk_freq_mhz,setup_time_ps,hold_time_ps,temp_c,fault_type,is_anomaly
1,7,1,0,200.0,899.3729073505397,571.4956681182553,29.906005381370022,NORMAL,0
2,30,1,0,100.0,972.3235779435115,452.70660546817084,43.84221014362886,NORMAL,0
3,67,1,0,50.0,962.1145825125167,513.1244051595144,39.86247534422522,NORMAL,0
4,124,1,0,200.0,1089.9168808906388,563.9467314315614,54.50885767564712,NORMAL,0
5,70,1,0,200.0,954.3037335337042,542.140993041009,55.646639803532395,NORMAL,0
6,103,0,1,50.0,901.5004650532405,503.37217096185725,50.521620624110554,NORMAL,0
7,245,1,0,133.0,1163.2638084267226,494.7809271145784,67.85903216666738,OVERFLOW,1
8,51,0,1,50.0,999.2481882846181,459.8466632335425,49.55145008087456,NORMAL,0
9,26,0,1,200.0,1061.7154645294715,555.3886236004729,37.23459942288328,NORMAL,0
10,156,0,1,50.0,847.3897089994266,514.4721884801701,79.32321609575322,NORMAL,0
11,51,1,0,133.0,1064.042878435698,480.99701773550726,45.492465022210865,NORMAL,0
12,51,1,0,50.0,1063.8850534447674,484.2517796092191,35.508166103109055,NORMAL,0
13,81,1,0,133.0,1028.7025993404652,521.9027332320633,53.13311676892049,NORMAL,0
14,213,1,0,50.0,1106.5253523398026,517.6831902059329,51.4122831561657,BIT_FLIP,1
15,235,1,0,200.0,830.695856894488,565.1219147144111,72.14829260468257,NORMAL,0
16,110,0,1,50.0,983.139686695058,552.6874450103696,50.12899912284614,NORMAL,0
17,188,0,1,133.0,1013.194835943536,511.8461345209957,39.7581409018684,NORMAL,0
18,213,0,1,133.0,768.4935379990046,547.4461803201448,77.85367645336494,BIT_FLIP,1
19,254,0,1,100.0,1079.4134695736414,451.708261417328,56.554900023347884,NORMAL,0
20,12,0,1,200.0,957.2992056973599,417.23797402185227,36.36186933273813,NORMAL,0
21,243,1,0,100.0,824.5397207672559,426.6990222388707,39.76693610510659,NORMAL,0
22,98,1,0,133.0,1062.5789535960723,531.6814752245061,46.37919901474987,NORMAL,0
23,12,1,0,200.0,785.1715402013477,479.60458915004745,73.18961028540355,NORMAL,0
24,185,1,0,100.0,1048.890636194351,441.18234965995583,58.53107728510038,NORMAL,0
25,10,1,0,100.0,914.9322751975269,444.6914632904447,27.36490855052009,NORMAL,0
26,151,0,1,200.0,1205.244865775081,485.24662974579553,26.95960471548884,NORMAL,0
27,124,0,1,50.0,948.4238589526968,450.0402305604772,78.61223570915206,NORMAL,0
28,62,0,1,100.0,905.9503098449175,512.1369879138385,25.801062714769245,BIT_FLIP,1
29,204,0,1,50.0,893.8640559569113,465.0602359954961,48.549538814227674,NORMAL,0
30,137,0,1,133.0,814.1416648814352,541.3213643022249,66.93270091691866,NORMAL,0
31,119,1,0,200.0,876.6980105567254,512.4658011089238,34.63829885476156,NORMAL,0
32,112,1,0,200.0,1033.5215787627656,490.16231027374056,29.309921481677392,NORMAL,0
33,220,1,0,200.0,857.6810262400459,460.2973437662848,49.52644792421225,NORMAL,0
34,62,1,0,200.0,885.437852352112,139.2208152290658,67.89951292805952,HOLD_VIOLATION,1
35,207,1,0,133.0,1202.4338313278176,587.3878429957861,33.104826001127456,NORMAL,0
36,52,0,1,100.0,1049.9728136343992,484.74028436313785,62.12730142427841,NORMAL,0
37,178,0,1,100.0,936.0722301300915,537.2561556823125,55.77097780261141,NORMAL,0
38,23,0,1,200.0,932.9671811391627,467.861382346461,63.8799799455076,NORMAL,0
39,34,0,1,200.0,1082.1202634705323,479.71613061314304,44.76758241861714,NORMAL,0
40,59,0,1,200.0,1035.7835284031016,141.98365712377776,73.58695804750803,HOLD_VIOLATION,1
41,13,1,0,133.0,844.3510440599591,485.9145713731412,71.69299707027847,NORMAL,0
42,190,1,0,100.0,885.4428848902537,552.6427186749313,65.09173835892915,NORMAL,0
43,174,1,0,50.0,909.639698769761,431.673745760703,43.62907176544829,OVERFLOW,1
44,237,1,0,50.0,923.014449157698,508.0805249272351,54.95244389809112,NORMAL,0
45,107,1,0,200.0,1082.3598304239933,490.6850850341024,38.83636141193639,NORMAL,0
46,11,0,1,133.0,971.1237398921149,472.5507442147471,80.32218758409164,NORMAL,0
47,19,0,1,133.0,895.7800514154735,463.9781855200053,45.66831178568294,NORMAL,0
48,51,0,1,200.0,977.4329322609844,518.7049886743396,67.31695037764547,NORMAL,0
49,94,0,1,133.0,1169.854972592456,514.9093129829109,61.73245664099527,NORMAL,0
50,132,0,1,100.0,1014.8090717642473,526.8208439337288,46.8594585563959,NORMAL,0
51,88,1,0,200.0,1111.9596486490314,513.5565379592705,26.78208071354759,NORMAL,0
52,176,1,0,50.0,940.1742406162438,554.6850131863066,59.512518704335456,NORMAL,0
53,13,1,0,133.0,1085.19576738972,485.80848917890495,51.908505510119596,NORMAL,0
54,132,1,0,133.0,1192.086343945884,647.4336331786185,83.4617678791726,NORMAL,0
55,119,1,0,133.0,1112.6528000636883,513.4875909578578,71.39130607597127,NORMAL,0
56,141,0,1,100.0,322.9981739263616,528.6133319327448,73.14071463931438,SETUP_VIOLATION,1
57,70,0,1,133.0,981.112855057363,475.9560556208702,63.518906586420805,NORMAL,0
58,215,0,1,100.0,1024.974048892352,554.7323258129936,48.959352533897345,NORMAL,0
59,133,0,1,100.0,993.4588356141196,472.8113062554457,45.355942849198996,NORMAL,0
60,207,0,1,100.0,917.9376922578213,582.2782532724377,27.677009671443862,NORMAL,0
61,183,1,0,133.0,1052.6518573377803,398.79588456888825,28.566513287117736,NORMAL,0
62,227,1,0,50.0,892.6396133352016,538.2644289842476,34.9953728639899,NORMAL,0
63,118,1,0,100.0,1095.3378598607171,571.03782616153,79.28179259497773,NORMAL,0
64,95,1,0,100.0,925.5297348058543,517.0003502995362,82.16734651224758,NORMAL,0
65,205,1,0,50.0,893.4772063999343,457.1931813935689,75.16560366952716,NORMAL,0
66,95,0,1,200.0,953.442520052295,555.6186819036329,37.819114271168274,NORMAL,0
67,155,0,1,133.0,990.2324640026023,444.23126020815783,37.600950762339416,NORMAL,0
68,94,0,1,200.0,1097.7639743689326,506.8068448360859,72.54858811260218,NORMAL,0
69,40,0,1,133.0,1050.90591308107,507.2353127262579,39.56268626667837,NORMAL,0
70,150,0,1,200.0,843.4413109200693,507.22927469175704,28.15451158677137,NORMAL,0
71,160,1,0,50.0,366.1655657032357,530.238975081923,58.08832774564457,SETUP_VIOLATION,1
72,176,1,0,100.0,1066.8193725656072,440.0290356572183,74.35028295955006,NORMAL,0
73,162,1,0,50.0,1137.9171997750605,513.5178399021906,82.25532067446181,NORMAL,0
74,54,1,0,50.0,844.2370265075101,515.4695096732053,40.39784884371073,NORMAL,0
75,13,1,0,100.0,1082.5206635165664,461.593828784769,57.50472194548092,NORMAL,0
76,114,0,1,133.0,995.9031084642654,558.7975635292787,68.25851948581274,NORMAL,0
77,163,0,1,50.0,1028.7276093981266,502.5842923031784,81.22987230364026,NORMAL,0
78,32,0,1,50.0,833.0546089383436,519.4293156626782,68.38752988526731,NORMAL,0
79,8,0,1,200.0,699.5734523434155,504.72307418553726,78.05622414856161,NORMAL,0
80,136,0,1,200.0,392.60676572936364,565.0006531656833,64.40021514388215,SETUP_VIOLATION,1
81,226,1,0,100.0,858.1069916463249,517.0598484029432,67.97609733152828,NORMAL,0
82,214,1,0,133.0,1006.6912217788741,466.23984639132317,31.372602878853435,NORMAL,0
83,52,1,0,100.0,845.7623932581562,536.8115236154082,62.515597211450086,NORMAL,0
84,127,1,0,100.0,1005.0736148504798,562.5767996212027,30.025906906829988,NORMAL,0
85,235,1,0,50.0,1222.245405668843,429.8930990356498,83.34167512814332,NORMAL,0
86,136,0,1,133.0,1003.0341835701394,390.204351069084,29.346296653503188,NORMAL,0
87,0,0,1,50.0,1070.7955156390337,416.06023257523395,81.21470952743087,NORMAL,0
88,92,0,1,100.0,1055.833920467807,460.1465087468256,31.471173410984427,NORMAL,0
89,81,0,1,200.0,984.8366055180454,486.2879158532148,71.15342898786051,NORMAL,0
90,204,0,1,200.0,846.7919731403396,555.1867018004504,27.206895948347675,BIT_FLIP,1
91,181,1,0,133.0,1056.0001759228735,552.4918565092624,75.01111309343702,NORMAL,0
92,146,1,0,200.0,1143.862885622707,501.37006324793873,58.23259325065442,BIT_FLIP,1
93,110,1,0,50.0,1157.7581969911203,51.926034370447205,25.8152372567273,HOLD_VIOLATION,1
94,21,1,0,133.0,989.2333801072683,562.8230016188897,56.19242095244431,NORMAL,0
95,27,1,0,200.0,913.3805274106396,520.3660615053149,62.091171911308685,NORMAL,0
96,13,0,1,100.0,1233.1218966849399,489.0428217295015,69.38550584245354,NORMAL,0
97,77,0,1,50.0,965.9685829687044,564.6501328547848,70.8409025400615,NORMAL,0
98,64,0,1,133.0,956.4802051263174,429.34136533330707,76.47481344860455,NORMAL,0
99,87,0,1,100.0,935.9496093390695,456.2355957190114,42.25050728480473,NORMAL,0
100,185,0,1,100.0,858.795534311437,521.2166438629538,65.51086183037165,NORMAL,0
101,254,1,0,133.0,957.2774700345835,560.3837433127952,30.757958106036586,NORMAL,0
102,105,1,0,133.0,969.3360607923493,472.6082746895828,39.18709284502473,NORMAL,0
103,149,1,0,100.0,1088.0344178040334,526.0824512199612,41.2754199234928,NORMAL,0
104,86,1,0,100.0,924.3035856518443,450.4546548453409,41.871379969924604,BIT_FLIP,1
105,189,1,0,200.0,886.6431311815113,492.1767861507193,44.065591786328696,NORMAL,0
106,188,0,1,100.0,1025.0413880884748,442.0238798242601,56.23656768254171,NORMAL,0
107,35,0,1,100.0,1008.2274587275357,581.8703585573501,43.33299763355368,NORMAL,0
108,124,0,1,50.0,877.5767861529126,523.0037260896188,74.25652660276084,NORMAL,0
109,180,0,1,50.0,1211.4627218640076,440.16993072603907,70.1189969360191,NORMAL,0
110,14,0,1,50.0,958.8448213648127,537.2016205330413,62.214536530520476,BIT_FLIP,1
111,119,1,0,50.0,1025.7712621602757,409.55359118226033,36.14448323973679,NORMAL,0
112,117,1,0,133.0,983.9101432510214,520.7536712696515,50.97010338077187,NORMAL,0
113,102,1,0,100.0,894.0082012819838,469.6553362071355,29.558546434637634,NORMAL,0
114,58,1,0,200.0,1005.8980250740856,511.24017653782454,55.36952165905856,NORMAL,0
115,148,1,0,100.0,993.7523756243622,598.0338165192122,32.21344926225212,NORMAL,0
116,185,0,1,133.0,1043.6231406861682,558.213554049517,49.65604811536647,NORMAL,0
117,161,0,1,133.0,1097.0994573167418,431.0967710643463,61.26579503552876,NORMAL,0
118,77,0,1,133.0,1130.1995035413509,499.1920876527721,42.24834608961109,NORMAL,0
119,252,0,1,133.0,960.4909562102017,535.6954531297873,45.19281418030819,NORMAL,0
120,204,0,1,133.0,935.0721861799952,501.31612441980207,55.02399973962719,NORMAL,0
121,33,1,0,100.0,987.3454120759574,550.8823499412349,58.362525014059585,NORMAL,0
122,132,1,0,50.0,1059.5885554887611,484.9152968953852,74.09039831619424,NORMAL,0
123,138,1,0,200.0,386.0480115340245,513.9917605824143,73.94934857054497,SETUP_VIOLATION,1
124,232,1,0,50.0,1161.0249640239106,564.0736324600969,81.02061245166809,NORMAL,0
125,221,1,0,133.0,894.2939320403342,569.4389701631903,38.15910340593396,NORMAL,0
126,138,0,1,200.0,925.4106314300535,483.68349094496136,63.67069541396947,NORMAL,0
127,249,0,1,200.0,918.4510274795356,441.5161041538849,60.71869502313212,NORMAL,0
128,101,0,1,200.0,895.4567680410619,478.1861624793285,49.9830408219123,NORMAL,0
129,199,0,1,133.0,994.368325036488,117.0513019704627,81.11048551521239,HOLD_VIOLATION,1
130,55,0,1,133.0,997.1608203571666,411.76854305016957,83.7894162904696,NORMAL,0
131,164,1,0,200.0,995.4271441230417,578.5952022360362,78.94413912929443,NORMAL,0
132,5,1,0,50.0,974.5718892401137,516.7392929578916,35.83431422599983,NORMAL,0
133,0,1,0,133.0,850.7781088204509,494.0381314869909,81.32234135558258,NORMAL,0
134,46,1,0,100.0,1096.7192524511875,540.6445396731897,34.29665709135323,OVERFLOW,1
135,137,1,0,200.0,963.3689512127548,508.4119968469472,80.42647798976401,NORMAL,0
136,205,0,1,200.0,973.8428979687641,591.5982007133897,69.49487875142489,NORMAL,0
137,228,1,0,133.0,1085.8931841297579,471.3131608629945,75.45541207819699,OVERFLOW,1
138,203,0,1,100.0,902.0694584565159,461.31772660746975,71.90112282237126,NORMAL,0
139,140,0,1,200.0,911.3008877483052,464.33433204745796,81.63557042794524,NORMAL,0
140,189,0,1,133.0,1067.504486023326,145.1733903025032,64.75023861452817,HOLD_VIOLATION,1
141,37,1,0,50.0,1127.5600234824642,511.2835252133605,35.39078788906577,NORMAL,0
142,77,1,0,100.0,988.1913870668882,471.62014844063634,80.84663762892495,NORMAL,0
143,150,1,0,133.0,838.9408069732586,486.04605596066,30.016388893918773,NORMAL,0
144,5,1,0,133.0,951.8759219802755,415.3411416957362,50.12246927795485,NORMAL,0
145,147,1,0,50.0,935.8139891274297,518.1496409288446,35.26996281758143,NORMAL,0
146,221,0,1,100.0,1161.6969957522383,502.50942394148245,28.529511412185503,NORMAL,0
147,232,0,1,200.0,862.8088706306588,430.45284908316825,73.30191768146706,NORMAL,0
148,77,0,1,100.0,872.843418312712,493.5748969858674,54.040970620309324,NORMAL,0
149,213,0,1,50.0,1097.387171367762,608.6214664866741,84.38814019083785,NORMAL,0
150,10,0,1,133.0,1051.118158687201,417.67338646275806,42.64165371834354,NORMAL,0
151,11,1,0,133.0,929.4097984265543,462.0919555513948,30.966923014250938,NORMAL,0
152,231,1,0,50.0,1004.9234092235153,545.3662086129311,65.03270114334043,NORMAL,0
153,203,1,0,133.0,836.7566685783968,559.7013120728475,71.88098766579012,BIT_FLIP,1
154,179,1,0,200.0,845.5151635411845,472.16687632491966,75.13074213951631,NORMAL,0
155,172,1,0,200.0,885.5298191843713,453.0972219440887,76.53702851290538,NORMAL,0
156,110,0,1,133.0,965.7101827077719,456.06703885518067,58.54504912937091,NORMAL,0
157,154,0,1,100.0,194.48290324871576,456.351096148222,76.69726577033171,SETUP_VIOLATION,1
158,103,0,1,50.0,1003.7914543268852,411.80916311664504,81.73291557147374,NORMAL,0
159,130,0,1,133.0,957.782507874374,464.67399595673015,46.216223247925996,NORMAL,0
160,169,0,1,50.0,985.5237276740992,490.5796393248716,65.92156376624195,NORMAL,0
161,171,1,0,100.0,956.3132198847081,512.1248872843627,27.145321316621366,NORMAL,0
162,48,1,0,133.0,743.6825030939765,532.508066423047,28.217636888510278,NORMAL,0
163,202,1,0,50.0,1077.0412306187802,557.2257692633489,70.38937772617582,NORMAL,0
164,4,1,0,100.0,1092.8351447669943,541.3793363567612,84.45374278268775,NORMAL,0
165,187,1,0,133.0,1121.9909958085395,501.1982978448966,39.94555367558462,NORMAL,0
166,82,0,1,200.0,1210.017960538983,564.6181257096724,37.92459578710837,BIT_FLIP,1
167,242,0,1,100.0,836.4676928802538,527.9589349378638,52.49421266435033,NORMAL,0
168,132,0,1,133.0,800.8608688698289,482.91870840782474,53.220838770514234,NORMAL,0
169,220,0,1,133.0,1017.2619671643604,532.1754098403633,31.28032285379292,NORMAL,0
170,231,0,1,200.0,891.8570654007323,505.53961357639264,40.392838684513826,NORMAL,0
171,101,1,0,50.0,1084.9829864581109,513.054252243676,32.32188730243774,NORMAL,0
172,227,1,0,100.0,992.2619274356379,499.5059794945118,31.26302304333623,NORMAL,0
173,86,1,0,50.0,952.2355843361942,460.4014730857024,75.0584815578072,NORMAL,0
174,40,1,0,200.0,1002.9628945535071,508.6018607695925,41.89309887007126,NORMAL,0
175,139,1,0,50.0,952.9794982001271,438.3458982579767,38.68090273067705,NORMAL,0
176,191,0,1,133.0,300.82093331552073,536.9586880069991,59.27152330163365,SETUP_VIOLATION,1
177,240,0,1,100.0,859.8509093690786,78.52148211701093,39.65068915179509,HOLD_VIOLATION,1
178,149,0,1,100.0,1028.245110218781,436.21486697968976,70.14551814421377,NORMAL,0
179,122,0,1,133.0,891.6105302080971,439.1056091835117,72.6611797973492,NORMAL,0
180,124,0,1,50.0,1056.5193833404217,142.3032425669631,48.53190283195924,HOLD_VIOLATION,1
181,250,1,0,100.0,1058.9672070664099,557.0612441244697,55.52948189217409,NORMAL,0
182,191,1,0,200.0,862.9345232882731,456.43792107153956,61.27834147817615,NORMAL,0
183,35,1,0,200.0,832.5509809989425,407.531819145653,37.61355763659512,NORMAL,0
184,248,1,0,50.0,1001.6036343561336,410.89178781431485,32.75063308945499,NORMAL,0
185,213,1,0,50.0,1098.60323995283,468.5360856139314,50.84712458413321,NORMAL,0
186,177,0,1,133.0,902.4056740191312,467.9706648709324,79.37785852561503,NORMAL,0
187,81,0,1,133.0,894.4287425903196,543.3746425213063,50.80447458556283,NORMAL,0
188,210,0,1,100.0,981.0672739853193,504.3409025760871,47.52814159208856,NORMAL,0
189,222,0,1,133.0,1076.4477735288442,444.41600602585896,80.66169623095112,NORMAL,0
190,181,0,1,50.0,1092.034070581853,54.923821886507085,35.88051502051161,HOLD_VIOLATION,1
191,94,1,0,133.0,270.22211499212915,485.1617090674989,40.822620432150025,SETUP_VIOLATION,1
192,31,1,0,100.0,941.5904448881072,534.7473806175891,54.60730283572531,NORMAL,0
193,57,1,0,50.0,967.5328981376111,515.2776106156595,48.32554750359317,NORMAL,0
194,214,1,0,50.0,1068.8856983982857,514.7577478797411,84.37879453373455,BIT_FLIP,1
195,77,1,0,200.0,983.4635407666941,557.9870744293504,59.27761351680181,NORMAL,0
196,179,0,1,50.0,966.8366155898103,544.7808803941206,73.57533740694866,NORMAL,0
197,61,0,1,133.0,1041.2590386424208,487.714447141119,32.55064721796515,NORMAL,0
198,155,0,1,133.0,1036.8796862740332,459.00225175949663,63.09607586794064,NORMAL,0
199,217,0,1,133.0,1045.2167342501039,536.6045773325529,27.53276848504749,NORMAL,0
200,167,0,1,100.0,996.096464870349,535.1011716065848,32.820989567986565,NORMAL,0
201,86,1,0,133.0,1117.2347217085278,527.9307755879354,79.09333051590565,NORMAL,0
202,221,1,0,133.0,1132.730779558457,512.7993700007708,49.43841565153244,NORMAL,0
203,134,1,0,50.0,959.4530144657696,458.1245477188394,46.26928754586672,NORMAL,0
204,227,1,0,200.0,1078.0536667132187,466.45714084888107,32.32080176688308,NORMAL,0
205,123,1,0,133.0,973.1526088585492,537.441366664656,29.93169550074981,NORMAL,0
206,28,0,1,200.0,1021.4733291178311,591.5488225362939,50.04677572373072,NORMAL,0
207,231,0,1,50.0,935.1726750787118,422.59111539718083,41.088236287198875,NORMAL,0
208,243,0,1,133.0,1039.5831676339826,445.2036074365645,34.51351533321752,NORMAL,0
209,217,0,1,50.0,999.6003290696058,520.1890560040675,50.25648490349842,NORMAL,0
210,114,0,1,100.0,916.1050318060489,469.274674652184,56.6414645778559,NORMAL,0
211,249,1,0,100.0,286.3657498955341,525.0311222002528,41.68717309362565,SETUP_VIOLATION,1
212,195,1,0,200.0,1150.5531676520695,529.3875491591922,57.22481884642765,NORMAL,0
213,100,1,0,100.0,907.7148185522898,460.7734223831528,71.15633124130953,NORMAL,0
214,118,1,0,50.0,1055.3141664068755,506.20265792117465,84.63938006597162,NORMAL,0
215,76,1,0,100.0,1234.1573742235616,486.17506881721505,82.831403331767,NORMAL,0
216,203,0,1,50.0,1063.2125517913405,393.50367002651893,66.72117896583566,NORMAL,0
217,132,0,1,50.0,970.5316736937745,459.5220777979659,46.43762166087055,NORMAL,0
218,213,0,1,133.0,869.2438895687956,593.7904678064333,71.01004638382578,NORMAL,0
219,10,0,1,100.0,1141.9213494347284,405.61800181611017,34.867898872707585,NORMAL,0
220,69,0,1,100.0,789.3347251629968,544.4657389590708,36.03019852763568,NORMAL,0
221,173,1,0,133.0,958.0429460449315,458.82019394497263,43.150441725112266,NORMAL,0
222,118,1,0,133.0,912.7278644570652,504.21122085043277,39.60418194226993,BIT_FLIP,1
223,89,1,0,50.0,1027.7156122702363,536.4516922879118,35.31649670367626,NORMAL,0
224,120,1,0,50.0,371.1868413490106,524.7024668223888,26.335352338817287,SETUP_VIOLATION,1
225,241,1,0,133.0,966.5515482187283,427.4248529066847,25.827941394510596,NORMAL,0
226,105,1,0,133.0,1150.598973983507,473.3339897897821,45.91716821103442,OVERFLOW,1
227,237,0,1,200.0,1110.4175980710015,557.4380505294369,46.97661025837762,NORMAL,0
228,168,0,1,133.0,1141.1584792320427,552.4330712387994,79.0806402241754,NORMAL,0
229,82,0,1,133.0,1030.7565680121172,542.4095894368803,49.32410371614799,NORMAL,0
230,74,0,1,133.0,873.6268752437467,622.6791564713826,34.94555297433398,NORMAL,0
231,178,1,0,100.0,951.2462361936966,514.1930820661568,44.03715908013069,OVERFLOW,1
232,224,1,0,200.0,984.5501335812825,444.2475491321333,44.86325629108062,NORMAL,0
233,225,1,0,50.0,986.898642696178,455.2041656061784,45.92899354740051,NORMAL,0
234,3,1,0,133.0,1327.1163307295196,519.6928745989035,32.45359696583728,NORMAL,0
235,74,1,0,100.0,922.6645210324374,505.3869023254275,49.5704056022137,NORMAL,0
236,130,0,1,50.0,918.9077097173283,524.9797318248333,61.25266620316294,NORMAL,0
237,165,0,1,100.0,953.0497842934493,487.67592548710763,54.23138689099587,NORMAL,0
238,18,0,1,133.0,1079.4489056342,513.8144020361337,43.6989341020508,NORMAL,0
239,135,0,1,133.0,1146.4554169919843,503.77081647750504,66.36507315986876,NORMAL,0
240,191,0,1,50.0,1030.067560531715,531.5238988464587,35.30263402071387,NORMAL,0
241,88,1,0,133.0,977.0343966916201,552.5149966066589,34.74430399390447,NORMAL,0
242,14,1,0,100.0,1089.894604273295,460.8803979991238,81.19433121355638,NORMAL,0
243,55,1,0,200.0,950.1484269243765,454.24167454673807,52.5338714916384,NORMAL,0
244,84,1,0,50.0,909.0802747355087,501.33504962910456,79.19897492655628,NORMAL,0
245,202,1,0,100.0,835.7999825792464,468.4442885167319,74.66773030622053,NORMAL,0
246,190,0,1,200.0,983.8423002208026,495.272248883608,27.08536106284236,NORMAL,0
247,43,0,1,100.0,946.1758333719696,477.9779967329537,47.56615301485237,NORMAL,0
248,175,0,1,50.0,865.7039418726852,450.670141072435,43.00580463051465,NORMAL,0
249,167,0,1,133.0,882.0544257846144,547.8079015336814,82.68895034470462,NORMAL,0
250,1,0,1,200.0,1080.6321866079938,461.068088598259,54.442506404631175,NORMAL,0
251,65,1,0,133.0,995.242143456284,492.10043965811974,41.53359674760629,NORMAL,0
252,173,1,0,50.0,1007.8768778630705,502.2853875556559,54.28681770099158,NORMAL,0
253,3,1,0,133.0,1051.3895629290794,413.9234323500202,45.104776886818655,NORMAL,0
254,58,1,0,50.0,709.6437784734679,474.0789947169146,65.97152513633314,NORMAL,0
255,239,1,0,50.0,914.1111721645897,578.4089569789473,54.08342266958378,NORMAL,0
256,3,0,1,200.0,981.302574923225,530.9018966979816,57.60567333425426,NORMAL,0
257,217,0,1,100.0,1084.6044882974288,466.17099307962945,82.66114040317345,NORMAL,0
258,214,0,1,50.0,1089.7691739624036,483.5903527976922,62.19142993280167,NORMAL,0
259,79,0,1,50.0,991.0791594749027,487.10922820874407,47.043943905045666,NORMAL,0
260,130,0,1,50.0,988.0764609519846,133.8531613210268,60.32750653303016,HOLD_VIOLATION,1
261,103,1,0,133.0,867.3554957718072,416.15877712568874,37.04509034464394,NORMAL,0
262,93,1,0,200.0,928.0111097357559,469.03141324573005,71.01693700578807,NORMAL,0
263,146,1,0,200.0,1120.9630759198592,486.9618112606534,38.665456751050876,NORMAL,0
264,137,1,0,50.0,1039.523773776376,492.5333343490635,65.78909145486632,NORMAL,0
265,40,1,0,200.0,878.2795439071384,467.61535119194514,50.96093378002257,NORMAL,0
266,8,0,1,133.0,861.8375457011591,541.2027708545901,57.49557478627547,NORMAL,0
267,216,0,1,50.0,859.3286713186938,457.45752439515695,27.54453778371163,NORMAL,0
268,224,0,1,50.0,1102.3191964399482,567.678107979992,81.1707578719189,NORMAL,0
269,218,0,1,50.0,1019.8412965875312,553.0252255991388,67.48679902795325,NORMAL,0
270,41,0,1,200.0,1054.3764739198668,435.87531049070935,73.35204247712107,NORMAL,0
271,80,1,0,50.0,968.6227595631095,522.6452166137975,75.55074756946834,NORMAL,0
272,60,1,0,200.0,1192.320105725291,549.9761450219514,77.25400446297493,NORMAL,0
273,0,1,0,200.0,1052.9834127475985,558.706669391238,26.868223763696186,NORMAL,0
274,116,1,0,50.0,1034.3436935808058,605.0462338608233,25.42338552407449,NORMAL,0
275,10,1,0,100.0,188.06834628894157,500.6886069179761,76.21972244171681,SETUP_VIOLATION,1
276,238,0,1,100.0,1038.969028812071,506.6683105648261,26.717495098330325,NORMAL,0
277,194,0,1,133.0,1010.8564527002915,550.5536536696997,30.181705186771932,NORMAL,0
278,32,0,1,133.0,943.3354357309349,428.58922635291844,68.23490627873107,NORMAL,0
279,233,0,1,50.0,945.5893126655885,530.8908346017516,59.16613124312872,NORMAL,0
280,77,0,1,50.0,1034.1541343731935,526.7352076806555,38.176432076378426,NORMAL,0
281,10,1,0,50.0,1070.4978387974645,485.86572258260253,42.96652446255702,BIT_FLIP,1
282,141,1,0,100.0,1113.3978035001014,507.24956160026375,76.74279252419802,NORMAL,0
283,56,1,0,100.0,975.019439140342,399.7417690508611,69.86067557101497,NORMAL,0
284,236,1,0,133.0,1041.2609084355104,583.0462980074598,71.06061517725978,NORMAL,0
285,231,1,0,133.0,1057.762348665508,580.2022157173392,66.45817870588904,NORMAL,0
286,58,0,1,100.0,1034.166059034888,627.0087454694365,26.40762496274749,NORMAL,0
287,101,0,1,133.0,959.3501136776836,480.7609904186537,83.33910509772674,NORMAL,0
288,126,0,1,133.0,984.242768610622,505.88874555645066,55.99145071517971,NORMAL,0
289,14,0,1,50.0,1053.697646206108,489.6551987354184,53.87739545898815,NORMAL,0
290,236,0,1,200.0,1054.6480940192012,504.4970229857655,27.53864100699052,NORMAL,0
291,0,1,0,50.0,1008.4725924197475,476.88588781994656,35.638047763903415,NORMAL,0
292,40,1,0,200.0,846.0366469919193,436.3557197175907,71.23458853402207,NORMAL,0
293,231,1,0,200.0,1207.4350356883078,488.30857184339754,34.553268061424475,NORMAL,0
294,27,1,0,50.0,249.06969412182977,545.3066842146668,61.62058425091485,SETUP_VIOLATION,1
295,132,1,0,133.0,889.4458209494098,512.3666956882719,38.88932747382931,NORMAL,0
296,12,0,1,50.0,1043.2924560771912,540.1553835012876,57.59986262859307,NORMAL,0
297,246,0,1,200.0,833.4653285390882,496.63668444041787,45.767484923752875,NORMAL,0
298,5,1,0,200.0,923.0690844615993,444.1104163958911,64.32722340456019,OVERFLOW,1
299,231,0,1,133.0,1231.9407461846658,483.21932949472017,82.59937917004015,NORMAL,0
300,244,0,1,133.0,949.694250128665,537.7674743326633,29.32338306805191,NORMAL,0
301,4,1,0,100.0,1248.3048169564213,474.4246019475094,80.53691877207022,NORMAL,0
302,60,1,0,200.0,1035.0990158208908,50.10089550841841,62.94543758296161,HOLD_VIOLATION,1
303,249,1,0,133.0,1045.4059914241757,550.2824371329637,43.37363805129797,NORMAL,0
304,170,1,0,50.0,989.5678688058082,521.2032561928148,66.21953599614255,OVERFLOW,1
305,112,1,0,200.0,1088.8279620323638,492.97501754541275,54.078482241393715,NORMAL,0
306,202,0,1,133.0,1194.023284627917,456.5846393212049,72.40748096771873,NORMAL,0
307,230,0,1,100.0,1061.3867745081436,510.3320334337288,30.003876407631296,NORMAL,0
308,93,0,1,50.0,1034.274478891936,555.1961144099438,61.88786072040916,NORMAL,0
309,220,0,1,100.0,1022.2356663713595,516.022171204545,61.26032519900712,NORMAL,0
310,7,0,1,133.0,1087.6180191891344,552.6887572864292,34.85750295201469,NORMAL,0
311,100,1,0,200.0,1181.4083333985266,471.5057806448962,74.93224808411756,NORMAL,0
312,182,1,0,50.0,998.9946906870067,467.32846527488846,36.016486379577685,NORMAL,0
313,76,1,0,50.0,1087.2792278408597,486.9858811683555,56.95376478882587,NORMAL,0
314,83,1,0,50.0,1088.0017928423845,508.2921732676357,41.417186478503176,NORMAL,0
315,198,1,0,133.0,1003.1926697576364,518.9073927255984,27.73320558376208,NORMAL,0
316,124,0,1,50.0,1058.5172455253824,506.4559356028422,65.43743336324147,NORMAL,0
317,125,0,1,200.0,881.4685764404306,608.034622777436,34.978757943571125,NORMAL,0
318,251,0,1,100.0,1131.5939585987783,543.2644216665072,42.56752236380262,NORMAL,0
319,203,0,1,200.0,1243.0985173145089,499.0680429964441,48.95831526988317,NORMAL,0
320,246,0,1,50.0,981.7511272742366,497.8811960266959,41.89973339955198,NORMAL,0
321,251,1,0,100.0,1080.8650431587462,496.91500760875874,55.953277350299,NORMAL,0
322,224,1,0,50.0,957.6448175638119,416.56717913395187,64.07099508405338,NORMAL,0
323,100,1,0,50.0,1022.5145726606318,481.3904222648676,31.48019001737405,NORMAL,0
324,24,1,0,200.0,1056.8067470403935,525.9981742073707,84.5159515993792,NORMAL,0
325,248,1,0,100.0,1062.1007716213978,472.67502080848243,28.524850460434727,NORMAL,0
326,160,0,1,50.0,935.2152013485771,570.0285066221547,64.40483822016344,NORMAL,0
327,142,0,1,133.0,967.9776460150026,555.8293277075157,57.619540129454435,NORMAL,0
328,202,0,1,100.0,823.5780980357374,510.81806190854,67.8602415683848,NORMAL,0
329,186,0,1,100.0,1051.3156925077274,442.1462234513747,33.43906681446325,NORMAL,0
330,25,0,1,200.0,1070.6788864907421,490.6488034668288,47.734323535710175,NORMAL,0
331,235,1,0,100.0,955.9922720292041,524.9311443258405,34.134458369706955,BIT_FLIP,1
332,97,1,0,100.0,1097.9897517254165,487.89639225462753,47.43092483312792,NORMAL,0
333,220,1,0,50.0,746.3916440713808,467.4013868877823,70.416969537997,NORMAL,0
334,202,1,0,200.0,1143.0071738156937,438.5044240163449,67.06942033954147,NORMAL,0
335,210,1,0,50.0,1125.2949807750915,497.0717786470421,25.168257075390756,NORMAL,0
336,96,0,1,100.0,992.0470517098896,541.2865192801477,68.83850878591858,NORMAL,0
337,166,0,1,133.0,1022.5753256981226,465.11646325007155,47.92093412281808,NORMAL,0
338,195,1,0,100.0,1004.0907311527322,470.682588261092,48.95726124831521,OVERFLOW,1
339,122,0,1,50.0,1014.4414222721206,555.6957429380323,30.61070959759609,NORMAL,0
340,243,0,1,50.0,1089.5088103646322,451.32583373799054,45.019351709138235,NORMAL,0
341,181,1,0,100.0,868.3983080200501,524.4139783544622,57.31349516902564,NORMAL,0
342,140,1,0,133.0,864.8427668569516,610.5088944303593,53.16956143801399,NORMAL,0
343,56,1,0,200.0,1078.3965594133394,578.0544147380157,38.79122641221735,NORMAL,0
344,193,1,0,100.0,963.0031423961169,469.60527478176584,66.33259937143819,OVERFLOW,1
345,247,1,0,50.0,269.54835796244527,421.1024380243603,77.62463283914857,SETUP_VIOLATION,1
346,66,0,1,100.0,887.7696743570149,554.9512259535308,84.53916455751465,NORMAL,0
347,157,0,1,100.0,1013.0487829000097,430.1548765560299,69.51197933034392,NORMAL,0
348,94,0,1,133.0,1039.9850357972473,491.1153610876585,26.418370944772935,NORMAL,0
349,103,0,1,100.0,1014.6451030224601,489.74812023728373,37.49621268210523,NORMAL,0
350,205,0,1,50.0,1059.6230851856258,539.8074106525974,50.41945758457005,NORMAL,0
351,46,1,0,100.0,1015.2947203224345,517.2696283022021,34.40057617971408,BIT_FLIP,1
352,5,1,0,133.0,1167.4409662298694,574.3532357185303,28.410647319155576,NORMAL,0
353,80,1,0,200.0,1027.9307267078275,120.47130117151809,81.62050230648828,HOLD_VIOLATION,1
354,205,1,0,50.0,997.2311685080676,74.01412322372278,81.90081089921614,HOLD_VIOLATION,1
355,98,1,0,100.0,879.1616788256412,585.9422475546028,81.91919079226511,NORMAL,0
356,15,0,1,100.0,1112.207301361541,465.94218087464685,73.56057651415371,NORMAL,0
357,168,0,1,133.0,1041.4336491983872,514.1548946985989,68.0778737443342,NORMAL,0
358,201,0,1,50.0,850.7938861156618,558.8341799931759,45.65499690536796,NORMAL,0
359,110,0,1,50.0,947.1069311100352,433.0831645375989,47.76372220652753,NORMAL,0
360,137,0,1,133.0,1018.4807515961498,458.10322890452994,25.59358499702171,NORMAL,0
361,38,1,0,200.0,919.3088419704575,555.3693105686991,48.46603564328538,NORMAL,0
362,186,1,0,200.0,1064.0638587281426,428.3114977118373,57.778629990244276,NORMAL,0
363,147,1,0,100.0,914.0240245621244,535.1300901662926,60.0780284246125,NORMAL,0
364,22,1,0,100.0,154.6378282127141,433.23206903802077,48.86985780923226,SETUP_VIOLATION,1
365,138,1,0,50.0,292.77135094494867,454.404751234233,33.70797647335969,SETUP_VIOLATION,1
366,10,0,1,100.0,1027.2071904408879,456.13539855252156,83.59813800761054,NORMAL,0
367,82,0,1,200.0,860.3151061868658,513.7550221795358,55.86849403862472,NORMAL,0
368,136,1,0,100.0,1109.0406441968755,559.6927745168533,72.0752209258407,OVERFLOW,1
369,231,1,0,200.0,741.362492137521,429.43095828212563,77.72494146598183,OVERFLOW,1
370,97,0,1,133.0,1167.4932340864316,498.4386353165593,80.25021745056799,NORMAL,0
371,191,1,0,50.0,895.8405434589191,479.4791128226631,42.24364101715,NORMAL,0
372,246,1,0,50.0,1107.171978426565,555.4248734318819,69.74297832007983,NORMAL,0
373,230,1,0,200.0,935.1317156056294,488.2697883970496,26.430146034916277,NORMAL,0
374,239,1,0,133.0,1071.265969973279,498.6736413063411,61.643400340934754,NORMAL,0
375,186,1,0,50.0,1115.7441522217105,453.23980881002694,75.39037969667511,NORMAL,0
376,228,0,1,200.0,377.0902906782165,509.7572608426182,50.3099090866931,SETUP_VIOLATION,1
377,110,0,1,200.0,863.1663414349712,499.306274651954,73.33310797872102,NORMAL,0
378,189,0,1,50.0,1046.7792613553227,577.4896575043214,53.55355608594885,NORMAL,0
379,233,0,1,200.0,1005.6187676757694,574.6554287196782,49.33268172263642,NORMAL,0
380,9,0,1,50.0,1117.8145594637865,478.7497921803023,53.81471829594339,NORMAL,0
381,165,1,0,50.0,1022.5619866477518,430.7880453814051,26.664122477035875,NORMAL,0
382,170,1,0,200.0,936.6948053711841,568.0541331533809,59.6175889631969,NORMAL,0
383,109,1,0,50.0,932.8390557848141,470.8904130133809,32.57596283876877,NORMAL,0
384,160,1,0,133.0,930.7682339777006,540.3362123997088,52.9539193309904,NORMAL,0
385,1,1,0,133.0,1109.5092557500486,492.49925671934255,36.321475582758644,NORMAL,0
386,147,0,1,100.0,1090.168531608352,535.2080231424139,64.69805616077238,NORMAL,0
387,114,0,1,50.0,1087.6914262716055,532.4650278229623,60.73983300946497,NORMAL,0
388,112,0,1,100.0,861.1885799142991,533.9037625065871,35.53714126407438,NORMAL,0
389,95,0,1,133.0,1017.4777797150924,579.7585165419395,75.57195063555662,NORMAL,0
390,73,0,1,100.0,1166.2216668119052,432.9161327967096,64.36518763755987,NORMAL,0
391,29,1,0,50.0,997.3615412953873,642.5848463711698,70.37558596563997,NORMAL,0
392,86,1,0,133.0,958.0629375262912,490.3493426697711,59.459489092945496,NORMAL,0
393,210,1,0,133.0,1108.830793745735,482.4796668799932,65.02001945827115,NORMAL,0
394,79,1,0,100.0,1097.2983573381125,493.4691654954434,76.69271770118652,NORMAL,0
395,113,1,0,133.0,980.0287231701769,433.71616243947324,64.15534418591287,NORMAL,0
396,56,0,1,133.0,1112.7424850675145,527.305378238916,47.2653576770975,NORMAL,0
397,133,0,1,133.0,881.3596449093145,488.0367739209169,67.52057419645874,NORMAL,0
398,36,0,1,200.0,187.91690525593253,490.15486655270587,42.69605012791007,SETUP_VIOLATION,1
399,217,0,1,50.0,1052.8712415113046,482.3519373215658,60.950129203668844,NORMAL,0
400,75,0,1,200.0,963.9337480872366,547.2885560562803,78.5035209540666,NORMAL,0
401,36,1,0,100.0,945.4588931513772,494.73189403902364,84.20403314746112,NORMAL,0
402,127,1,0,50.0,968.561085895648,489.74681012351977,59.56197142448024,NORMAL,0
403,218,1,0,133.0,847.8861724618442,549.5675093838684,32.13201118684492,NORMAL,0
404,230,1,0,100.0,1016.9335765339458,582.361826148069,33.529577983037484,NORMAL,0
405,209,1,0,50.0,1015.4543304870425,539.662834961864,48.396851406925144,NORMAL,0
406,100,0,1,50.0,911.1104417471356,595.8688023922261,74.56091158111315,NORMAL,0
407,11,0,1,50.0,908.0201140182562,379.2058142252666,25.4520963947231,NORMAL,0
408,199,0,1,100.0,971.189202077589,453.5580505964355,82.83974052327451,NORMAL,0
409,62,0,1,100.0,1060.7303043788975,556.2898971537923,48.25845606428764,NORMAL,0
410,100,0,1,133.0,1117.8951494048679,414.96975286617027,29.849568445414985,NORMAL,0
411,155,1,0,133.0,1011.6290893132257,446.0644489260166,27.983869823157967,NORMAL,0
412,93,1,0,50.0,944.605596323591,558.7067409399008,25.29321943840391,NORMAL,0
413,17,1,0,100.0,1049.611131076179,437.29849645294837,84.06069082802651,NORMAL,0
414,79,1,0,50.0,1046.412834382363,605.2061147195877,71.17245611432338,NORMAL,0
415,4,1,0,133.0,1031.1045000001272,619.6152318432735,75.5240170111122,NORMAL,0
416,175,0,1,133.0,1236.2821502444917,579.1754693763378,32.22674564174066,NORMAL,0
417,2,0,1,100.0,1062.5608784052818,564.1188777418932,68.85651064464642,NORMAL,0
418,87,0,1,200.0,1013.9799815321797,527.1729295285563,28.37269205365413,NORMAL,0
419,24,0,1,50.0,945.3431836026997,467.9630170723493,74.89226610466307,NORMAL,0
420,1,0,1,100.0,1049.4140783402738,580.0683487491873,70.46609104911224,NORMAL,0
421,103,1,0,50.0,1215.3196669288059,594.8346812569796,39.73131143811721,NORMAL,0
422,62,1,0,100.0,949.2934987048508,490.1606011346004,26.1043231581465,NORMAL,0
423,212,1,0,200.0,1010.8997567333456,472.7807056095498,62.00105625345548,BIT_FLIP,1
424,29,1,0,133.0,891.1892799393485,520.0865934553913,66.5952004736329,NORMAL,0
425,211,1,0,133.0,1063.3632283724744,490.97757708845916,39.73910490015798,NORMAL,0
426,121,0,1,100.0,902.5962460520927,489.5859765930938,74.53137845170829,NORMAL,0
427,84,0,1,50.0,930.8396794800467,565.0815178822622,35.086274321714,NORMAL,0
428,187,0,1,133.0,912.590692029495,551.1890211233244,34.44441431841845,NORMAL,0
429,16,0,1,133.0,899.572616266249,484.0361745527503,50.85824151447208,NORMAL,0
430,51,0,1,133.0,1003.3201664318268,513.4724283430554,39.88413587379803,NORMAL,0
431,68,1,0,200.0,1058.4215304942982,91.04334338377396,57.44983566150354,HOLD_VIOLATION,1
432,178,1,0,133.0,1001.729675515637,624.4848585244454,73.70894111346368,NORMAL,0
433,221,1,0,133.0,1069.5664646127707,507.00686082049594,65.41554254459427,NORMAL,0
434,203,1,0,133.0,962.1727392212574,430.69952620370185,50.91144455566632,NORMAL,0
435,140,1,0,200.0,926.4333820536712,469.8842635538818,51.45939697498508,BIT_FLIP,1
436,175,0,1,133.0,1053.1032497096692,117.74648101964173,82.41235848854676,HOLD_VIOLATION,1
437,133,0,1,133.0,1170.171720432122,465.2469905446368,77.5573181527296,NORMAL,0
438,239,0,1,133.0,1089.7766479291022,547.3953192909344,81.94786060170419,NORMAL,0
439,86,0,1,50.0,1010.2115767660879,567.2797144427624,62.85520798193373,NORMAL,0
440,81,0,1,50.0,1050.633789090043,572.8816240049941,35.907290173167794,NORMAL,0
441,27,1,0,200.0,1079.7530128865073,539.9644823138949,59.656637854056015,NORMAL,0
442,19,1,0,50.0,1117.2331152099005,394.21747253983267,55.494162871154586,NORMAL,0
443,24,1,0,200.0,969.3262616509006,516.8690387495033,82.95721571221826,NORMAL,0
444,148,1,0,100.0,1019.3503607540442,563.6216087305094,76.50259952181392,NORMAL,0
445,40,1,0,133.0,919.9048113472454,461.03033498426976,50.934239063423675,NORMAL,0
446,183,0,1,50.0,1019.0628343416619,493.989456525079,77.02954246488181,NORMAL,0
447,88,0,1,200.0,1078.0388310986243,555.7949127204868,68.79778920876424,NORMAL,0
448,76,0,1,100.0,989.3111055137116,499.2096895543757,55.81093995062922,NORMAL,0
449,2,0,1,133.0,1080.130973512275,62.253138674152865,44.67621699514858,HOLD_VIOLATION,1
450,181,0,1,133.0,1133.818210834429,555.4620672965876,53.40680117788697,NORMAL,0
451,55,1,0,100.0,959.1144931757445,50.85722595118794,57.6964104922924,HOLD_VIOLATION,1
452,214,1,0,100.0,1009.880156926325,607.8043993530965,79.00947784122474,NORMAL,0
453,233,1,0,100.0,903.9980955641055,568.6849296317779,31.603875989112147,NORMAL,0
454,5,1,0,133.0,949.7235823814185,548.7175037138882,73.11404709616932,NORMAL,0
455,231,1,0,133.0,1178.621080829886,443.747025440194,58.48618064965884,NORMAL,0
456,118,0,1,100.0,1078.0487826758929,460.7172611634313,60.093467736906035,NORMAL,0
457,158,0,1,133.0,929.8102049296581,147.34108532173875,74.47459587317189,HOLD_VIOLATION,1
458,80,0,1,100.0,1013.0663530176854,526.6951533237882,67.90193688070815,NORMAL,0
459,21,0,1,100.0,899.2253315367043,466.4136678401494,65.35012645627451,NORMAL,0
460,100,0,1,200.0,1124.2402395361219,483.10960216454475,48.799592480298884,NORMAL,0
461,220,1,0,100.0,1074.750511545274,501.3101474300658,51.020884978873575,NORMAL,0
462,226,1,0,133.0,1002.707451351657,451.15871978797173,82.44097345698162,NORMAL,0
463,37,1,0,100.0,1174.6518176401678,471.4034087655014,66.62640395737719,NORMAL,0
464,54,1,0,100.0,1118.1827139084353,420.17143198815177,73.4876984081802,NORMAL,0
465,229,1,0,50.0,1063.9909180515153,529.8665960157246,43.76566416832844,NORMAL,0
466,42,0,1,200.0,905.5607848702313,505.7406070626973,60.6308930939654,BIT_FLIP,1
467,47,0,1,133.0,892.1184407507079,583.2182107253906,60.77102348624276,NORMAL,0
468,207,0,1,200.0,885.5075554034504,74.74016713295076,46.311015769888485,HOLD_VIOLATION,1
469,52,0,1,200.0,1206.0061688797782,538.0634477320722,74.5914266568587,NORMAL,0
470,15,0,1,200.0,1089.8018958789705,454.4154085191719,71.28229726850536,NORMAL,0
471,202,1,0,200.0,912.7099956225874,386.8505048715898,71.21231430524064,NORMAL,0
472,116,1,0,100.0,899.2143629836124,522.0765383917586,33.869888198978934,NORMAL,0
473,6,1,0,133.0,1017.8752143975455,530.4712686904672,49.22492584242179,NORMAL,0
474,53,1,0,50.0,987.2392497407639,477.1505877327764,37.073964778001546,NORMAL,0
475,3,1,0,100.0,978.7268744283336,531.1158145539839,38.717355435381506,NORMAL,0
476,115,0,1,133.0,903.5420435433515,512.5947103791698,55.77696117737726,NORMAL,0
477,229,0,1,50.0,999.703570744595,452.6999143793717,80.60758409964699,NORMAL,0
478,168,0,1,200.0,879.2206321702291,487.75569217486054,29.00377138480216,NORMAL,0
479,157,0,1,100.0,866.7513117506178,513.8536101431921,57.861619523284304,NORMAL,0
480,75,0,1,133.0,887.4709210019356,58.865837000701035,53.19797800147769,HOLD_VIOLATION,1
481,10,1,0,100.0,975.0596943797565,572.6471278621291,39.54941421376046,NORMAL,0
482,179,1,0,100.0,870.0709711598035,487.5260955134643,25.81434930372935,NORMAL,0
483,166,1,0,200.0,1018.9229749070729,77.40484951907202,46.16131091418663,HOLD_VIOLATION,1
484,115,1,0,133.0,1012.8715521102545,471.1139558341683,63.08823945615122,NORMAL,0
485,144,1,0,133.0,994.3653859658775,510.2692950230865,28.67351220523004,NORMAL,0
486,227,0,1,200.0,1143.3031539010587,124.97816573172403,29.748293425223807,HOLD_VIOLATION,1
487,143,0,1,50.0,916.9890737197014,539.8172494212754,76.84562858333953,NORMAL,0
488,127,0,1,133.0,1033.0867388849492,376.2714546046377,32.988056749556385,NORMAL,0
489,72,1,0,100.0,1018.778034184821,492.64270260718524,72.42807108837569,OVERFLOW,1
490,197,0,1,200.0,1130.7195080198962,409.39485047502683,52.409862422402604,NORMAL,0
491,20,1,0,200.0,968.6474879155841,512.2852194289377,41.233131808527176,OVERFLOW,1
492,178,1,0,100.0,1131.371889694503,448.4624025373963,42.178239926942055,NORMAL,0
493,118,1,0,133.0,797.7312780254281,448.09139803498766,55.2412019285798,NORMAL,0
494,115,1,0,200.0,1100.4910440644508,474.1668338556975,47.884743675762934,NORMAL,0
495,140,1,0,133.0,1100.7564124408234,527.6057836685784,76.15444536578022,NORMAL,0
496,18,0,1,50.0,1032.5831866437445,506.61915655603275,64.79685804213382,BIT_FLIP,1
497,153,0,1,100.0,837.7000153687972,512.7256507177507,63.474254633324556,NORMAL,0
498,94,0,1,133.0,967.7344053875921,520.0895310957927,33.59226144230445,NORMAL,0
499,171,0,1,133.0,986.4110581658184,507.48012878665594,25.56440552714886,NORMAL,0
500,221,0,1,133.0,1119.9570695164084,577.3223777993815,38.619773352920504,NORMAL,0
